INSERT INTO AGENCES (IDAGENCES, CODEAGENCE, DATECREATION, LIBELLE) 
	VALUES (1, 'AG01', NULL, 'AGENCE COCODY');



INSERT INTO banque (idbanque, datecreation, libelle, bic) 
	VALUES (1, NULL, 'BANQUE', 'BNKSXZUZ');


INSERT INTO CODES (IDCODES, CODEDESCRIPTION, CODEVALUE) 
	VALUES (1, 'OK:validation', '200');
INSERT INTO CODES (IDCODES, CODEDESCRIPTION, CODEVALUE) 
	VALUES (2, 'KO:invalid request', '302');
INSERT INTO CODES (IDCODES, CODEDESCRIPTION, CODEVALUE) 
	VALUES (3, 'Succes', '000');
INSERT INTO CODES (IDCODES, CODEDESCRIPTION, CODEVALUE) 
	VALUES (4, 'EOD is ongoing on CBA', '010');
INSERT INTO CODES (IDCODES, CODEDESCRIPTION, CODEVALUE) 
	VALUES (5, 'Account No is internal', 'E01');
INSERT INTO CODES (IDCODES, CODEDESCRIPTION, CODEVALUE) 
	VALUES (6, 'Invalid Account No', 'E02');
INSERT INTO CODES (IDCODES, CODEDESCRIPTION, CODEVALUE) 
	VALUES (7, 'Account not registered', 'E03');
INSERT INTO CODES (IDCODES, CODEDESCRIPTION, CODEVALUE) 
	VALUES (8, 'Interface Error', 'E04');
INSERT INTO CODES (IDCODES, CODEDESCRIPTION, CODEVALUE) 
	VALUES (9, 'External Reference No already esists. Possible Duplicate', 'E05');
INSERT INTO CODES (IDCODES, CODEDESCRIPTION, CODEVALUE) 
	VALUES (10, 'Transaction not supported by Operator', 'E06');
INSERT INTO CODES (IDCODES, CODEDESCRIPTION, CODEVALUE) 
	VALUES (11, 'CBA Error', 'E07');
INSERT INTO CODES (IDCODES, CODEDESCRIPTION, CODEVALUE) 
	VALUES (12, 'Invalid Request Token', 'E08');
INSERT INTO CODES (IDCODES, CODEDESCRIPTION, CODEVALUE) 
	VALUES (13, 'Transaction not supported for Wallet', 'E09');
INSERT INTO CODES (IDCODES, CODEDESCRIPTION, CODEVALUE) 
	VALUES (14, 'Record/Transfer Reference No Exists', 'E99');
INSERT INTO CODES (IDCODES, CODEDESCRIPTION, CODEVALUE) 
	VALUES (15, 'KO:Wrong MSISDN format', '303');
INSERT INTO CODES (IDCODES, CODEDESCRIPTION, CODEVALUE) 
	VALUES (16, 'KO:Unknown alias', '304');
INSERT INTO CODES (IDCODES, CODEDESCRIPTION, CODEVALUE) 
	VALUES (17, 'Invalid Currency', '306');
INSERT INTO CODES (IDCODES, CODEDESCRIPTION, CODEVALUE) 
	VALUES (18, 'Invalid service code', '307');
INSERT INTO CODES (IDCODES, CODEDESCRIPTION, CODEVALUE) 
	VALUES (19, 'KO:Alias already exists', '601');
INSERT INTO CODES (IDCODES, CODEDESCRIPTION, CODEVALUE) 
	VALUES (20, 'KO:Unknown request or timeout', '602');
INSERT INTO CODES (IDCODES, CODEDESCRIPTION, CODEVALUE) 
	VALUES (21, 'KO:Invalid activation key', '603');
INSERT INTO CODES (IDCODES, CODEDESCRIPTION, CODEVALUE) 
	VALUES (22, 'KO:Platform unavailable', '604');


INSERT INTO PARAMETRES (ID, CODEPARAM, DESCRIPTION, TYPEPARAM, VALEUR) 
	VALUES (21, 'EOD', 'TRAITEMENT FICHIER EOD', 'EOD_PARAM', 'EOD_PROCESSING_NO');
INSERT INTO PARAMETRES (ID, CODEPARAM, DESCRIPTION, TYPEPARAM, VALEUR) 
	VALUES (22, 'EOD_PROCESSING_YES', 'TRAITEMENT FICHIER EOD EN COURS', 'EOD_VALUE', 'OUI');
INSERT INTO PARAMETRES (ID, CODEPARAM, DESCRIPTION, TYPEPARAM, VALEUR) 
	VALUES (23, 'EOD_PROCESSING_NO', 'TRAITEMENT FICHIER EOD ACHEVE', 'EOD_VALUE', 'NON');
INSERT INTO PARAMETRES (ID, CODEPARAM, DESCRIPTION, TYPEPARAM, VALEUR) 
	VALUES (1, 'BANK BIC', 'BANK BIC', NULL, 'BANK BIC');
INSERT INTO PARAMETRES (ID, CODEPARAM, DESCRIPTION, TYPEPARAM, VALEUR) 
	VALUES (2, 'CETAUTIACT', 'Code Utilisateur actif', NULL, '1');
INSERT INTO PARAMETRES (ID, CODEPARAM, DESCRIPTION, TYPEPARAM, VALEUR) 
	VALUES (3, 'CETAUTIDES', 'Code Etat Utilisateur Desactivé', NULL, '0');
INSERT INTO PARAMETRES (ID, CODEPARAM, DESCRIPTION, TYPEPARAM, VALEUR) 
	VALUES (4, 'CETAUTIPASMOD', 'Code Etat utilisateur Mot de passe à modifier', NULL, 'CETAUTIPASMOD');
INSERT INTO PARAMETRES (ID, CODEPARAM, DESCRIPTION, TYPEPARAM, VALEUR) 
	VALUES (5, 'CODE_RETRY', 'Nombre de tentative de conexion', NULL, '3');
INSERT INTO PARAMETRES (ID, CODEPARAM, DESCRIPTION, TYPEPARAM, VALEUR) 
	VALUES (6, 'MAXDAYTOCHANGEPWD', 'Durée maximale pour changer le password', NULL, '90');
INSERT INTO PARAMETRES (ID, CODEPARAM, DESCRIPTION, TYPEPARAM, VALEUR) 
	VALUES (7, 'MAXLOGINRETRY', 'Nombre maximum de tentatives de LOGIN', NULL, '3');
INSERT INTO PARAMETRES (ID, CODEPARAM, DESCRIPTION, TYPEPARAM, VALEUR) 
	VALUES (8, 'admin', 'Nbr de tentative de Connection', 'CODE_RETRY', '0');
INSERT INTO PARAMETRES (ID, CODEPARAM, DESCRIPTION, TYPEPARAM, VALEUR) 
	VALUES (9, 'SUPERVALIDATION_NON', 'Supervalidation désactivée', 'SUPERVALIDATION_VALUE', 'NON');
INSERT INTO PARAMETRES (ID, CODEPARAM, DESCRIPTION, TYPEPARAM, VALEUR) 
	VALUES (10, 'SUPERVALIDATION_OUI', 'Supervalidation activée', 'SUPERVALIDATION_VALUE', 'OUI');
INSERT INTO PARAMETRES (ID, CODEPARAM, DESCRIPTION, TYPEPARAM, VALEUR) 
	VALUES (11, 'SOUSCRIPTION_A', 'MODE DE SOUSCRIPTION A', 'MODESOUSCRIPTION_VALUE', 'OPTION A');
INSERT INTO PARAMETRES (ID, CODEPARAM, DESCRIPTION, TYPEPARAM, VALEUR) 
	VALUES (12, 'SOUSCRIPTION_NORMAL', 'MODE DE SOUSCRIPTION NORMAL', 'MODESOUSCRIPTION_VALUE', 'NORMAL');
INSERT INTO PARAMETRES (ID, CODEPARAM, DESCRIPTION, TYPEPARAM, VALEUR) 
	VALUES (13, 'IDLE_NON', 'MODE IDLE DESACTIVE', 'MODEIDLE_VALUE', 'NOT IDLE');
INSERT INTO PARAMETRES (ID, CODEPARAM, DESCRIPTION, TYPEPARAM, VALEUR) 
	VALUES (14, 'IDLE_OUI', 'MODE IDLE ACTIVE', 'MODEIDLE_VALUE', 'IDLE');
INSERT INTO PARAMETRES (ID, CODEPARAM, DESCRIPTION, TYPEPARAM, VALEUR) 
	VALUES (15, 'SOUSCRIPTION_B', 'MODE DE SOUSCRIPTION B', 'MODESOUSCRIPTION_VALUE', 'OPTION B');
INSERT INTO PARAMETRES (ID, CODEPARAM, DESCRIPTION, TYPEPARAM, VALEUR) 
	VALUES (16, 'SUPERVALIDATION', 'ACTIVATION SUPERVALIDATION', 'SUPERVALIDATION_PARAM', 'SUPERVALIDATION_NON');
INSERT INTO PARAMETRES (ID, CODEPARAM, DESCRIPTION, TYPEPARAM, VALEUR) 
	VALUES (17, 'MODESOUSCRIPTION', 'MODE SOUSCRIPTION', 'MODESOUSCRIPTION_PARAM', 'SOUSCRIPTION_NORMAL');
INSERT INTO PARAMETRES (ID, CODEPARAM, DESCRIPTION, TYPEPARAM, VALEUR) 
	VALUES (18, 'NOMBRE_MAX_TRANSACTION', 'NOMBRE MAXIMAL DE TRANSACTIONS JOURNALIERES PAR CLIENT', 'NOMBRE_MAX_TRANSACTION', '31');
INSERT INTO PARAMETRES (ID, CODEPARAM, DESCRIPTION, TYPEPARAM, VALEUR) 
	VALUES (19, 'MONTANT_MAX_TRANSACTION', 'MONTANT MAXIMAL DE TRANSACTIONS JOURNALIERES PAR CLIENT', 'MONTANT_MAX_TRANSACTION', '100400');
INSERT INTO PARAMETRES (ID, CODEPARAM, DESCRIPTION, TYPEPARAM, VALEUR) 
	VALUES (20, 'MODEIDLE', 'MODE IDLE', 'MODEIDLE_PARAM', 'IDLE_NON');
INSERT INTO PARAMETRES (ID, CODEPARAM, DESCRIPTION, TYPEPARAM, VALEUR) 
	VALUES (24, 'CHEMIN_FICHIER_KEYSTORE', 'LE CHEMIN DU FICHIER KEYSTORE', 'CHEMIN_FICHIER_KEYSTORE', 'C:\\Java\\jdk1.7.0_79\\jre\\lib\\security\\cacerts');
INSERT INTO PARAMETRES (ID, CODEPARAM, DESCRIPTION, TYPEPARAM, VALEUR) 
	VALUES (25, 'CHEMIN_FICHIER_TRUSTSTORE', 'CHEMIN DU FICHIER TRUSTORE', 'CHEMIN_FICHIER_TRUSTSTORE', 'C:\\Java\\jdk1.7.0_79\\jre\\lib\\security\\cacerts');
INSERT INTO PARAMETRES (ID, CODEPARAM, DESCRIPTION, TYPEPARAM, VALEUR) 
	VALUES (26, 'PASSWORD_FICHIER_TRUSTSTORE', 'PASSWORD DU FICHIER TRUSTSTORE', 'PASSWORD_FICHIER_TRUSTSTORE', 'changeit');
INSERT INTO PARAMETRES (ID, CODEPARAM, DESCRIPTION, TYPEPARAM, VALEUR) 
	VALUES (27, 'CODE_DEVISE', 'LE CODE DE LA DEVISE', 'CODE_DEVISE', '952');
INSERT INTO PARAMETRES (ID, CODEPARAM, DESCRIPTION, TYPEPARAM, VALEUR) 
	VALUES (28, 'LIBELLE_DEVISE', 'LE LIBELLE DE LA DEVISE', 'LIBELLE_DEVISE', 'XOF');
INSERT INTO PARAMETRES (ID, CODEPARAM, DESCRIPTION, TYPEPARAM, VALEUR) 
	VALUES (29, 'OPERATOR_CODE', 'LE CODE OPERATEUR', 'OPERATOR_CODE', 'ORANGEMONEYSX');
INSERT INTO PARAMETRES (ID, CODEPARAM, DESCRIPTION, TYPEPARAM, VALEUR) 
	VALUES (30, 'TOKEN', 'TOKEN', 'TOKEN', 'MDCPaHu5ZR');
INSERT INTO PARAMETRES (ID, CODEPARAM, DESCRIPTION, TYPEPARAM, VALEUR) 
	VALUES (31, 'AFFILIATE_CODE', 'AFFILIATE CODE', 'AFFILIATE_CODE', 'ESX');
INSERT INTO PARAMETRES (ID, CODEPARAM, DESCRIPTION, TYPEPARAM, VALEUR) 
	VALUES (32, 'OTHER_SERVICE_WSDL', 'URL WSDL DE OTHERSERVICE', 'OTHER_SERVICE_WSDL', 'http://192.168.91.9:8080/B2WBABNOrangeCM/OtherService?wsdl');

INSERT INTO PARAMETRES (ID, CODEPARAM, DESCRIPTION, TYPEPARAM, VALEUR) 
	VALUES (33, 'CASH_IN', 'CASH IN', 'TYPE_ABONNEMENT_VALUE', 'CASH IN');
INSERT INTO PARAMETRES (ID, CODEPARAM, DESCRIPTION, TYPEPARAM, VALEUR) 
	VALUES (34, 'CASH_OUT', 'CASH OUT', 'TYPE_ABONNEMENT_VALUE', 'CASH OUT');
INSERT INTO PARAMETRES (ID, CODEPARAM, DESCRIPTION, TYPEPARAM, VALEUR) 
	VALUES (35, 'CASH_IN-CASH_OUT', 'CASH IN ET CASH OUT', 'TYPE_ABONNEMENT_VALUE', 'CASH IN-CASH OUT');
INSERT INTO PARAMETRES (ID, CODEPARAM, DESCRIPTION, TYPEPARAM, VALEUR) 
	VALUES (36, 'REGISTER_URL', 'URL POUR LA SOUSCRIPTION ET LA RESILIATION', 'REGISTER_URL', 'https://b2w-sb.orange-money.com/register/?bic=BNKSXZUZ');
INSERT INTO PARAMETRES (ID, CODEPARAM, DESCRIPTION, TYPEPARAM, VALEUR) 
	VALUES (37, 'IDLE_URL', 'URL POUR LE MODE IDLE', 'IDLE_URL', 'https://b2w-sb.orange-money.com/idle/?bic=BNKSXZUZ');
INSERT INTO PARAMETRES (ID, CODEPARAM, DESCRIPTION, TYPEPARAM, VALEUR) 
	VALUES (38, 'LOGO_URL', 'URL DU LOGO', 'LOGO_URL', 'http://localhost:8080/easymbank/javax.faces.resource/images/logo-ba3.png.xhtml?ln=spark-layout');
INSERT INTO PARAMETRES (ID, CODEPARAM, DESCRIPTION, TYPEPARAM, VALEUR) 
	VALUES (39, 'OPERATION_AUTORISEE', 'AUTORISATION DE TYPE D''OPERATION', 'AUTORISATION_OPERATION_VALUE', 'OUI');
INSERT INTO PARAMETRES (ID, CODEPARAM, DESCRIPTION, TYPEPARAM, VALEUR) 
	VALUES (40, 'OPERATION_NON_AUTORISEE', 'INTERDICTION DE TYPE D''OPERATION', 'AUTORISATION_OPERATION_VALUE', 'NON');
INSERT INTO PARAMETRES (ID, CODEPARAM, DESCRIPTION, TYPEPARAM, VALEUR) 
	VALUES (41, 'AUTORISATION_BALANCE', 'AUTORISATION DE DEMANDE DE SOLDE', 'AUTORISATION_OPERATION_PARAM', 'OPERATION_AUTORISEE');
INSERT INTO PARAMETRES (ID, CODEPARAM, DESCRIPTION, TYPEPARAM, VALEUR) 
	VALUES (42, 'AUTORISATION_MINISTATEMENT', 'AUTORISATION DE DEMANDE DE MINI RELEVE', 'AUTORISATION_OPERATION_PARAM', 'OPERATION_AUTORISEE');
INSERT INTO PARAMETRES (ID, CODEPARAM, DESCRIPTION, TYPEPARAM, VALEUR) 
	VALUES (43, 'AUTORISATION_B2W', 'AUTORISATION DE TRANSFERT B2W', 'AUTORISATION_OPERATION_PARAM', 'OPERATION_AUTORISEE');
INSERT INTO PARAMETRES (ID, CODEPARAM, DESCRIPTION, TYPEPARAM, VALEUR) 
	VALUES (44, 'AUTORISATION_W2B', 'AUTORISATION DE TRANSFERT W2B', 'AUTORISATION_OPERATION_PARAM', 'OPERATION_AUTORISEE');
INSERT INTO PARAMETRES (ID, CODEPARAM, DESCRIPTION, TYPEPARAM, VALEUR) 
	VALUES (46, 'COUNTRY', 'PAYS POUR LES ACK', 'EOD_ACK_PARAM', 'CAMEROUN');
INSERT INTO PARAMETRES (ID, CODEPARAM, DESCRIPTION, TYPEPARAM, VALEUR) 
	VALUES (45, 'BANKNAME', 'NOM DE LA BANQUE POUR LES FICHIERS ACK', 'EOD_ACK_PARAM', 'BACM');
INSERT INTO PARAMETRES (ID, CODEPARAM, DESCRIPTION, TYPEPARAM, VALEUR) 
	VALUES (47, 'EOD_LOG_PATH', 'FICHIER LOG POUR LA RECONCILIATION', 'EOD_LOG_PARAM', 'C:\\EOD\\LOG\\fqe.log');
INSERT INTO PARAMETRES (ID, CODEPARAM, DESCRIPTION, TYPEPARAM, VALEUR) 
	VALUES (48, 'ACK_DIR', 'REPERTOIRE POUR LES ACK', 'EOD_ACK_PARAM', 'C:\\EOD\\ACK\\');
INSERT INTO PARAMETRES (ID, CODEPARAM, DESCRIPTION, TYPEPARAM, VALEUR) 
	VALUES (49, 'ACK_PREFIXE', 'PREFIXE DES FICHIERS ACK', 'EOD_ACK_PARAM', 'ACK_B2W_');
INSERT INTO PARAMETRES (ID, CODEPARAM, DESCRIPTION, TYPEPARAM, VALEUR) 
	VALUES (50, 'FICHE_SOUSCRIPTION', 'FORMULAIRE DE SOUSCRIPTION', 'REPORT', 'C:\\EasymbankReport\\ficheSouscriptionBACM.jasper');
INSERT INTO PARAMETRES (ID, CODEPARAM, DESCRIPTION, TYPEPARAM, VALEUR) 
	VALUES (51, 'RECAP_SOUSCRIPTION', 'RECAP DES ABONNEMENTS/RESILIATIONS', 'REPORT', 'C:\\EasymbankReport\\abonnementReportBACM.jasper');
INSERT INTO PARAMETRES (ID, CODEPARAM, DESCRIPTION, TYPEPARAM, VALEUR) 
	VALUES (52, 'RECAP_TRANSACTION', 'RECAP DES TRANSACTIONS', 'REPORT', 'C:\\EasymbankReport\\transactionReportBACM.jasper');
-------------------------------------------------------------------------------------------
INSERT INTO PARAMETRES (ID, CODEPARAM, DESCRIPTION, TYPEPARAM, VALEUR) 
	VALUES (53, 'TARIFICATION_FIXE', 'APPLICATION DE COMMISSION FIXE', 'MODE_TARIFICATION_VALUE', 'FIXE');
INSERT INTO PARAMETRES (ID, CODEPARAM, DESCRIPTION, TYPEPARAM, VALEUR) 
	VALUES (54, 'TARIFICATION_VARIABLE', 'APPLICATION DE COMMISSION VARIABLE', 'MODE_TARIFICATION_VALUE', 'VARIABLE');
INSERT INTO PARAMETRES (ID, CODEPARAM, DESCRIPTION, TYPEPARAM, VALEUR) 
	VALUES (55, 'TARIFICATION', 'MODE DE TARIFICATION', 'MODE_TARIFICATION_PARAM', 'TARIFICATION_VARIABLE');
INSERT INTO PARAMETRES (ID, CODEPARAM, DESCRIPTION, TYPEPARAM, VALEUR) 
	VALUES (56, 'TARIFICATION_AUTORISEE', 'AUTORISATION DE TARIFICATION SUR SERVICE', 'AUTORISATION_TARIFICATION_VALUE', 'OUI');	
INSERT INTO PARAMETRES (ID, CODEPARAM, DESCRIPTION, TYPEPARAM, VALEUR) 
	VALUES (57, 'TARIFICATION_NON_AUTORISEE', 'INTERDICTION DE TARIFICATION SUR SERVICE', 'AUTORISATION_TARIFICATION_VALUE', 'NON');
INSERT INTO PARAMETRES (ID, CODEPARAM, DESCRIPTION, TYPEPARAM, VALEUR) 
	VALUES (58, 'TARIFICATION_B2W', 'AUTORISATION DE TARIFICATION SUR SERVICE B2W', 'AUTORISATION_TARIFICATION_PARAM', 'TARIFICATION_AUTORISEE');
INSERT INTO PARAMETRES (ID, CODEPARAM, DESCRIPTION, TYPEPARAM, VALEUR) 
	VALUES (59, 'TARIFICATION_W2B', 'AUTORISATION DE TARIFICATION SUR SERVICE W2B', 'AUTORISATION_TARIFICATION_PARAM', 'TARIFICATION_AUTORISEE');
INSERT INTO PARAMETRES (ID, CODEPARAM, DESCRIPTION, TYPEPARAM, VALEUR) 
	VALUES (60, 'TARIFICATION_ACCOUNTBALANCE', 'AUTORISATION DE TARIFICATION SUR SERVICE ACCOUNTBALANCE', 'AUTORISATION_TARIFICATION_PARAM', 'TARIFICATION_AUTORISEE');
INSERT INTO PARAMETRES (ID, CODEPARAM, DESCRIPTION, TYPEPARAM, VALEUR) 
	VALUES (61, 'TARIFICATION_MINISTATEMENT', 'AUTORISATION DE TARIFICATION SUR SERVICE MINISTATEMENT', 'AUTORISATION_TARIFICATION_PARAM', 'TARIFICATION_AUTORISEE');	
INSERT INTO PARAMETRES (ID, CODEPARAM, DESCRIPTION, TYPEPARAM, VALEUR) 
	VALUES (62, 'TARIFICATION_AUTORISEE', 'AUTORISATION DE TARIFICATION SUR SERVICE', 'AUTORISATION_TARIFICATION_VALUE', 'OUI');	
INSERT INTO PARAMETRES (ID, CODEPARAM, DESCRIPTION, TYPEPARAM, VALEUR) 
	VALUES (63, 'TARIFICATION_NON_AUTORISEE', 'INTERDICTION DE TARIFICATION SUR SERVICE', 'AUTORISATION_TARIFICATION_VALUE', 'NON');
INSERT INTO PARAMETRES (ID, CODEPARAM, DESCRIPTION, TYPEPARAM, VALEUR) 
	VALUES (64, 'TARIFICATION_B2W', 'AUTORISATION DE TARIFICATION SUR SERVICE B2W', 'AUTORISATION_TARIFICATION_PARAM', 'TARIFICATION_AUTORISEE');
INSERT INTO PARAMETRES (ID, CODEPARAM, DESCRIPTION, TYPEPARAM, VALEUR) 
	VALUES (65, 'TARIFICATION_W2B', 'AUTORISATION DE TARIFICATION SUR SERVICE W2B', 'AUTORISATION_TARIFICATION_PARAM', 'TARIFICATION_AUTORISEE');
INSERT INTO PARAMETRES (ID, CODEPARAM, DESCRIPTION, TYPEPARAM, VALEUR) 
	VALUES (66, 'TARIFICATION_ACCOUNTBALANCE', 'AUTORISATION DE TARIFICATION SUR SERVICE ACCOUNTBALANCE', 'AUTORISATION_TARIFICATION_PARAM', 'TARIFICATION_NON_AUTORISEE');
INSERT INTO PARAMETRES (ID, CODEPARAM, DESCRIPTION, TYPEPARAM, VALEUR) 
	VALUES (67, 'TARIFICATION_MINISTATEMENT', 'AUTORISATION DE TARIFICATION SUR SERVICE MINISTATEMENT', 'AUTORISATION_TARIFICATION_PARAM', 'TARIFICATION_NON_AUTORISEE');	
INSERT INTO PARAMETRES (ID, CODEPARAM, DESCRIPTION, TYPEPARAM, VALEUR) 
	VALUES (85, 'TARIFICATION_REGISTER', 'AUTORISATION DE TARIFICATION SUR SERVICE REGISTER', 'AUTORISATION_TARIFICATION_PARAM', 'TARIFICATION_NON_AUTORISEE');	
INSERT INTO PARAMETRES (ID, CODEPARAM, DESCRIPTION, TYPEPARAM, VALEUR) 
	VALUES (86, 'TARIFICATION_UNREGISTER', 'AUTORISATION DE TARIFICATION SUR SERVICE UNREGISTER', 'AUTORISATION_TARIFICATION_PARAM', 'TARIFICATION_NON_AUTORISEE');	
INSERT INTO PARAMETRES (ID, CODEPARAM, DESCRIPTION, TYPEPARAM, VALEUR) 
	VALUES (67, 'TARIFICATION_MINISTATEMENT', 'AUTORISATION DE TARIFICATION SUR SERVICE MINISTATEMENT', 'AUTORISATION_TARIFICATION_PARAM', 'TARIFICATION_NON_AUTORISEE');	
INSERT INTO PARAMETRES (ID, CODEPARAM, DESCRIPTION, TYPEPARAM, VALEUR) 
	VALUES (85, 'TARIFICATION_REGISTER', 'AUTORISATION DE TARIFICATION SUR SERVICE REGISTER', 'AUTORISATION_TARIFICATION_PARAM', 'TARIFICATION_NON_AUTORISEE');	
INSERT INTO PARAMETRES (ID, CODEPARAM, DESCRIPTION, TYPEPARAM, VALEUR) 
	VALUES (86, 'TARIFICATION_UNREGISTER', 'AUTORISATION DE TARIFICATION SUR SERVICE UNREGISTER', 'AUTORISATION_TARIFICATION_PARAM', 'TARIFICATION_NON_AUTORISEE');	
INSERT INTO PARAMETRES (ID, CODEPARAM, DESCRIPTION, TYPEPARAM, VALEUR) 
	VALUES (119, 'BANKNAME', 'NOM DE LA BANQUE', 'BANK', 'BANQUE');	
INSERT INTO PARAMETRES (ID, CODEPARAM, DESCRIPTION, TYPEPARAM, VALEUR) 
	VALUES (120, 'BRANCHCODE', 'BRANCHCODE', 'BANK', 'BRANCHCODE');	
INSERT INTO PARAMETRES (ID, CODEPARAM, DESCRIPTION, TYPEPARAM, VALEUR) 
	VALUES (121, 'COUNTRYCODE', 'COUNTRYCODE', 'BANK', 'COUNTRYCODE');	
INSERT INTO PARAMETRES (ID, CODEPARAM, DESCRIPTION, TYPEPARAM, VALEUR) 
	VALUES (122, 'MAX_TENTATIVE_CONNEXION', 'Nombre maximum de tentatives de connexion', 'SECURITE', '3');
INSERT INTO PARAMETRES (ID, CODEPARAM, DESCRIPTION, TYPEPARAM, VALEUR) 
	VALUES (123, 'NOMBRE_PASS_VERIFICATION', 'Nombre de mots de passe antérieures qui doivent être différents du nouveau', 'SECURITE', '3');
INSERT INTO PARAMETRES (ID, CODEPARAM, DESCRIPTION, TYPEPARAM, VALEUR) 
	VALUES (124, 'DELAI_VALIDITE_PASS', 'Période de validité d''un mot de passe', 'SECURITE', '30');
INSERT INTO PARAMETRES (ID, CODEPARAM, DESCRIPTION, TYPEPARAM, VALEUR) 
	VALUES (125, 'MAX_PASS_HISTORISATION', 'Nombre maximum de mots de passe par utilisateur à sauvegarder', 'SECURITE', '12');
INSERT INTO PARAMETRES (ID, CODEPARAM, DESCRIPTION, TYPEPARAM, VALEUR) 
	VALUES (144, 'INDICATIF_PAYS', 'Indicatif pays', 'BANK', '226');
INSERT INTO PARAMETRES (ID, CODEPARAM, DESCRIPTION, TYPEPARAM, VALEUR) 
	VALUES (145, 'ACTIVATION_DELTA', 'SIB DELTA', 'BANK', 'NON');
INSERT INTO PARAMETRES (ID, CODEPARAM, DESCRIPTION, TYPEPARAM, VALEUR) 
	VALUES (146, 'UNIQUE_ACCOUNT_ALIAS', 'AUTORISATION UN COMPTE POUR PLUSIEURS NUMERO', 'BANK', 'TRUE');
INSERT INTO PARAMETRES (ID, CODEPARAM, DESCRIPTION, TYPEPARAM, VALEUR) 
	VALUES (147, 'MAIN_THEME', 'THEME PRINCIPAL DE L''APPLICATION', 'BANK', '-blue');
INSERT INTO PARAMETRES (ID, CODEPARAM, DESCRIPTION, TYPEPARAM, VALEUR) 
	VALUES (154, 'NEXT_NONCE', 'PROCHAINE VALEUR DE NONCE MOOV', 'OP', '1');
INSERT INTO PARAMETRES (ID, CODEPARAM, DESCRIPTION, TYPEPARAM, VALEUR) 
	VALUES (156, 'LIMITE_DEMANDE_SOLDE', 'NOMBRE MAXIMUM JOURNALIER DE DEMANDE DE SOLDE PAR CLIENT', 'LIMITE', '');
INSERT INTO PARAMETRES (ID, CODEPARAM, DESCRIPTION, TYPEPARAM, VALEUR) 
	VALUES (157, 'LIMITE_DEMANDE_RELEVE', 'NOMBRE MAXIMUM JOURNALIER DE DEMANDE DE RELEVE PAR CLIENT', 'LIMITE', '');
INSERT INTO PARAMETRES (ID, CODEPARAM, DESCRIPTION, TYPEPARAM, VALEUR) 
	VALUES (158, 'ENTETE_ETAT', 'ENTETE SUR LES REPORTINS', 'REPORT', 'EASYMBANK');



INSERT INTO OPERATEURS (ID_OPERATEUR, DESIGNATION_OPERATEUR, BIC, PAGE_SOUSCRIPTION, PAGE_PARAMETRAGE) 
	VALUES (1, 'MOOV', 'BNKSXIIN', 'souscriptionMoov.xhtml', 'parametrageMoov.xhtml');
INSERT INTO OPERATEURS (ID_OPERATEUR, DESIGNATION_OPERATEUR, BIC, PAGE_SOUSCRIPTION, PAGE_PARAMETRAGE) 
	VALUES (0, 'ORANGE', 'JYGYJGH', 'sousc', 'parametrage.xhtml');
INSERT INTO OPERATEURS (ID_OPERATEUR, DESIGNATION_OPERATEUR, BIC, PAGE_SOUSCRIPTION, PAGE_PARAMETRAGE) 
	VALUES (2, 'MTN', 'JYGYJGH', 'souscMtn', 'parametrageMtn.xhtml');



INSERT INTO PAGESOUSCRIPTION (ID,MODESOUSC, PAGE, OPERATEUR) 
	VALUES (1,'SOUSCRIPTION_NORMAL', 'souscription.xhtml', 0);
INSERT INTO PAGESOUSCRIPTION (ID,MODESOUSC, PAGE, OPERATEUR) 
	VALUES (2,'SOUSCRIPTION_A', 'souscriptionOptionA.xhtml', 0);
INSERT INTO PAGESOUSCRIPTION (ID,MODESOUSC, PAGE, OPERATEUR) 
	VALUES (3,'SOUSCRIPTION_B', 'souscriptionOptionB.xhtml', 0);
INSERT INTO PAGESOUSCRIPTION (ID,MODESOUSC, PAGE, OPERATEUR) 
	VALUES (4,'IDLE', 'serviceindisponible.xhtml', 0);
INSERT INTO PAGESOUSCRIPTION (ID,MODESOUSC, PAGE, OPERATEUR) 
	VALUES (5,'SOUSCRIPTION_NORMAL', 'souscriptionMtn.xhtml', 2);
INSERT INTO PAGESOUSCRIPTION (ID,MODESOUSC, PAGE, OPERATEUR) 
	VALUES (6,'SOUSCRIPTION_A', 'souscriptionMtnOptionA.xhtml', 2);
INSERT INTO PAGESOUSCRIPTION (ID,MODESOUSC, PAGE, OPERATEUR) 
	VALUES (7,'SOUSCRIPTION_B', 'souscriptionMtnOptionB.xhtml', 2);


INSERT INTO PROFILS (IDPROFILS, CONNEXION, CREATION_AGENCE, CREATION_PROFILS, CREATION_UTILISATEUR, LIBELLE, MODIFICATION_PROFILS, MODIF_PROFILS_USER, PARAMETRAGE, REINIT_USER, REPORTING, RESILIATION, SOUSCRIPTION, SUPERVALIDATION, SUPPRESSION_AGENCE, SUPPRESSION_PROFILS, SUPPRESSION_UTILISATEUR,TRANSACTIONS,AUDITS,CREATION_PROFILS_CLIENTS,SUPPRESSION_PROFILS_CLIENTS,SECURITE,CREATION_COMMISSIONS,SUPPRESSION_COMMISSIONS,LIST_COMMISSIONS,LIST_ABONNEMENTS,TRANSAC_TTES_AGE,ABONN_TTES_AGE,VALIDE_TTES_AGE,AUDIT_TTES_AGE,CONNEXION_TTES_AGE) 
	VALUES (1, 1, 1, 1, 1, 'administrateur', 1, 1, 1, 1, 1, 1, 1, 1, 1, 1, 1,1,1,1,1,1,1,1,1,1,1,1,1,1,1);


INSERT INTO PROFILS_CLIENTS (ID_PROFILS, CODE_PROFILS, DESIGNATION_PROFILS) 
	VALUES (1, 'STD', 'STANDARD');



INSERT INTO TYPE_ABONNEMENTS (ID_TYPE, LIBELLE_TYPE) 
	VALUES ('register', 'ABONNEMENTS');
INSERT INTO TYPE_ABONNEMENTS (ID_TYPE, LIBELLE_TYPE) 
	VALUES ('delete', 'RESILIATIONS');


INSERT INTO TYPE_TRANSACTIONS (ID_TYPE, LIBELLE_TYPE) 
	VALUES ('5', 'balance');
INSERT INTO TYPE_TRANSACTIONS (ID_TYPE, LIBELLE_TYPE) 
	VALUES ('1', 'bank2wallet');
INSERT INTO TYPE_TRANSACTIONS (ID_TYPE, LIBELLE_TYPE) 
	VALUES ('3', 'canceltran');
INSERT INTO TYPE_TRANSACTIONS (ID_TYPE, LIBELLE_TYPE) 
	VALUES ('4', 'statement');
INSERT INTO TYPE_TRANSACTIONS (ID_TYPE, LIBELLE_TYPE) 
	VALUES ('2', 'wallet2bank');

INSERT INTO USERS (IDUSERS, ACTIVER, DATEACTIVATION, DATECREATION, DATEDESACTIVATION, DATEMODIFICATION, DATEREINITIALISATION, DATESUPPRESSION, ETATCONNEXION, LOGIN, NOM, PASSWORD, PRENOM, REINITIALISE, IDAGENCES, IDPROFILS) 
	VALUES (11, 1, NULL, NULL, NULL, NULL, NULL, NULL, NULL, 'admin', 'ADMINISTRATEUR', '8c6976e5b5410415bde908bd4dee15dfb167a9c873fc4bb8a81f6f2ab448a918', 'EMBANK', 0, 1, 1);


UPDATE "SEQUENCE" SET  SEQ_COUNT=1 WHERE SEQ_NAME='PROFILS_IDPROFILS_SEQ' OR SEQ_NAME='USERS_IDUSERS_SEQ' 
 OR SEQ_NAME='PROFILCLIENT_IDPROFILS_SEQ' ;
UPDATE "SEQUENCE" SET  SEQ_COUNT=2 WHERE SEQ_NAME='COMMISSIONS_IDPALIER_SEQ';


INSERT INTO WEBPROCCOR (ID, PARAPROC, PARAWEB, PROC, REFPROC, REFWEB, TYPEPARAM, VALEUR, WEBSERVICEMETHOD, OPERATEURS) 
	VALUES (1, 'COMPTE', 'accountNo', 'GETAB', '1', '1', 'String', NULL, 'getAccountBalance', 0);
INSERT INTO WEBPROCCOR (ID, PARAPROC, PARAWEB, PROC, REFPROC, REFWEB, TYPEPARAM, VALEUR, WEBSERVICEMETHOD, OPERATEURS) 
	VALUES (2, 'COMPTE', 'accountNo', 'GETMS', '1', '1', 'String', NULL, 'getMiniStatement', 0);
INSERT INTO WEBPROCCOR (ID, PARAPROC, PARAWEB, PROC, REFPROC, REFWEB, TYPEPARAM, VALEUR, WEBSERVICEMETHOD, OPERATEURS) 
	VALUES (3, 'NB', NULL, 'GETMS', '2', NULL, 'String', '25', 'getMiniStatement', 0);
INSERT INTO WEBPROCCOR (ID, PARAPROC, PARAWEB, PROC, REFPROC, REFWEB, TYPEPARAM, VALEUR, WEBSERVICEMETHOD, OPERATEURS) 
	VALUES (4, 'CLIENT', 'racine', 'GETS', '1', '1', 'String', NULL, 'getSignaletique', 0);
INSERT INTO WEBPROCCOR (ID, PARAPROC, PARAWEB, PROC, REFPROC, REFWEB, TYPEPARAM, VALEUR, WEBSERVICEMETHOD, OPERATEURS) 
	VALUES (5, 'FACTURIER', NULL, 'SETPOST', '1', NULL, 'String', 'ONE', 'accountToWalletTransfer', 0);
INSERT INTO WEBPROCCOR (ID, PARAPROC, PARAWEB, PROC, REFPROC, REFWEB, TYPEPARAM, VALEUR, WEBSERVICEMETHOD, OPERATEURS) 
	VALUES (6, 'MNTCION', 'charge', 'SETPOST', '7', NULL, 'String', NULL, 'accountToWalletTransfer', 0);
INSERT INTO WEBPROCCOR (ID, PARAPROC, PARAWEB, PROC, REFPROC, REFWEB, TYPEPARAM, VALEUR, WEBSERVICEMETHOD, OPERATEURS) 
	VALUES (7, 'MNTTIMB ', NULL, 'SETPOST', '8', NULL, 'String', '0', 'accountToWalletTransfer', 0);
INSERT INTO WEBPROCCOR (ID, PARAPROC, PARAWEB, PROC, REFPROC, REFWEB, TYPEPARAM, VALEUR, WEBSERVICEMETHOD, OPERATEURS) 
	VALUES (8, 'REFANNUL ', NULL, 'SETPOST', '9', NULL, 'String', NULL, 'accountToWalletTransfer', 0);
INSERT INTO WEBPROCCOR (ID, PARAPROC, PARAWEB, PROC, REFPROC, REFWEB, TYPEPARAM, VALEUR, WEBSERVICEMETHOD, OPERATEURS) 
	VALUES (9, 'CODOPER', NULL, 'SETPOST', '3', NULL, 'String', 'B2W', 'accountToWalletTransfer', 0);
INSERT INTO WEBPROCCOR (ID, PARAPROC, PARAWEB, PROC, REFPROC, REFWEB, TYPEPARAM, VALEUR, WEBSERVICEMETHOD, OPERATEURS) 
	VALUES (10, 'CPT', 'accountNo', 'SETPOST', '5', NULL, 'String', NULL, 'accountToWalletTransfer', 0);
INSERT INTO WEBPROCCOR (ID, PARAPROC, PARAWEB, PROC, REFPROC, REFWEB, TYPEPARAM, VALEUR, WEBSERVICEMETHOD, OPERATEURS) 
	VALUES (11, 'DHTRANSACT ', 'tranDate', 'SETPOST', '2', NULL, 'String', NULL, 'accountToWalletTransfer', 0);
INSERT INTO WEBPROCCOR (ID, PARAPROC, PARAWEB, PROC, REFPROC, REFWEB, TYPEPARAM, VALEUR, WEBSERVICEMETHOD, OPERATEURS) 
	VALUES (12, 'MNT', 'amount', 'SETPOST', '6', NULL, 'String', NULL, 'accountToWalletTransfer', 0);
INSERT INTO WEBPROCCOR (ID, PARAPROC, PARAWEB, PROC, REFPROC, REFWEB, TYPEPARAM, VALEUR, WEBSERVICEMETHOD, OPERATEURS) 
	VALUES (13, 'REFREL', 'externalRefNo', 'SETPOST', '4', NULL, 'String', NULL, 'accountToWalletTransfer', 0);
INSERT INTO WEBPROCCOR (ID, PARAPROC, PARAWEB, PROC, REFPROC, REFWEB, TYPEPARAM, VALEUR, WEBSERVICEMETHOD, OPERATEURS) 
	VALUES (14, 'FACTURIER', NULL, 'SETPOST', '1', NULL, 'String', 'ONE', 'walletToAccountTransfer', 0);
INSERT INTO WEBPROCCOR (ID, PARAPROC, PARAWEB, PROC, REFPROC, REFWEB, TYPEPARAM, VALEUR, WEBSERVICEMETHOD, OPERATEURS) 
	VALUES (15, 'MNTCION', 'charge', 'SETPOST', '7', NULL, 'String', NULL, 'walletToAccountTransfer', 0);
INSERT INTO WEBPROCCOR (ID, PARAPROC, PARAWEB, PROC, REFPROC, REFWEB, TYPEPARAM, VALEUR, WEBSERVICEMETHOD, OPERATEURS) 
	VALUES (16, 'MNTTIMB ', NULL, 'SETPOST', '8', NULL, 'String', '0', 'walletToAccountTransfer', 0);
INSERT INTO WEBPROCCOR (ID, PARAPROC, PARAWEB, PROC, REFPROC, REFWEB, TYPEPARAM, VALEUR, WEBSERVICEMETHOD, OPERATEURS) 
	VALUES (17, 'REFANNUL ', NULL, 'SETPOST', '9', NULL, 'String', NULL, 'walletToAccountTransfer', 0);
INSERT INTO WEBPROCCOR (ID, PARAPROC, PARAWEB, PROC, REFPROC, REFWEB, TYPEPARAM, VALEUR, WEBSERVICEMETHOD, OPERATEURS) 
	VALUES (18, 'CODOPER', NULL, 'SETPOST', '3', NULL, 'String', 'W2B', 'walletToAccountTransfer', 0);
INSERT INTO WEBPROCCOR (ID, PARAPROC, PARAWEB, PROC, REFPROC, REFWEB, TYPEPARAM, VALEUR, WEBSERVICEMETHOD, OPERATEURS) 
	VALUES (19, 'CPT', 'accountNo', 'SETPOST', '5', NULL, 'String', NULL, 'walletToAccountTransfer', 0);
INSERT INTO WEBPROCCOR (ID, PARAPROC, PARAWEB, PROC, REFPROC, REFWEB, TYPEPARAM, VALEUR, WEBSERVICEMETHOD, OPERATEURS) 
	VALUES (20, 'DHTRANSACT ', 'tranDate', 'SETPOST', '2', NULL, 'String', NULL, 'walletToAccountTransfer', 0);
INSERT INTO WEBPROCCOR (ID, PARAPROC, PARAWEB, PROC, REFPROC, REFWEB, TYPEPARAM, VALEUR, WEBSERVICEMETHOD, OPERATEURS) 
	VALUES (21, 'MNT', 'amount', 'SETPOST', '6', NULL, 'String', NULL, 'walletToAccountTransfer', 0);
INSERT INTO WEBPROCCOR (ID, PARAPROC, PARAWEB, PROC, REFPROC, REFWEB, TYPEPARAM, VALEUR, WEBSERVICEMETHOD, OPERATEURS) 
	VALUES (22, 'REFREL', 'externalRefNo', 'SETPOST', '4', NULL, 'String', NULL, 'walletToAccountTransfer', 0);
INSERT INTO WEBPROCCOR (ID, PARAPROC, PARAWEB, PROC, REFPROC, REFWEB, TYPEPARAM, VALEUR, WEBSERVICEMETHOD, OPERATEURS) 
	VALUES (23, 'FACTURIER', NULL, 'SETPOST', '1', NULL, 'String', 'ONE', 'cancelTransfer', 0);
INSERT INTO WEBPROCCOR (ID, PARAPROC, PARAWEB, PROC, REFPROC, REFWEB, TYPEPARAM, VALEUR, WEBSERVICEMETHOD, OPERATEURS) 
	VALUES (24, 'MNTCION', NULL, 'SETPOST', '7', NULL, 'String', '0', 'cancelTransfer', 0);
INSERT INTO WEBPROCCOR (ID, PARAPROC, PARAWEB, PROC, REFPROC, REFWEB, TYPEPARAM, VALEUR, WEBSERVICEMETHOD, OPERATEURS) 
	VALUES (25, 'MNTTIMB ', NULL, 'SETPOST', '8', NULL, 'String', '0', 'cancelTransfer', 0);
INSERT INTO WEBPROCCOR (ID, PARAPROC, PARAWEB, PROC, REFPROC, REFWEB, TYPEPARAM, VALEUR, WEBSERVICEMETHOD, OPERATEURS) 
	VALUES (26, 'REFANNUL ', 'externalRefNo', 'SETPOST', '9', NULL, 'String', NULL, 'cancelTransfer', 0);
INSERT INTO WEBPROCCOR (ID, PARAPROC, PARAWEB, PROC, REFPROC, REFWEB, TYPEPARAM, VALEUR, WEBSERVICEMETHOD, OPERATEURS) 
	VALUES (27, 'CODOPER', NULL, 'SETPOST', '3', NULL, 'String', 'CANCELTRAN', 'cancelTransfer', 0);
INSERT INTO WEBPROCCOR (ID, PARAPROC, PARAWEB, PROC, REFPROC, REFWEB, TYPEPARAM, VALEUR, WEBSERVICEMETHOD, OPERATEURS) 
	VALUES (28, 'CPT', NULL, 'SETPOST', '5', NULL, 'String', NULL, 'cancelTransfer', 0);
INSERT INTO WEBPROCCOR (ID, PARAPROC, PARAWEB, PROC, REFPROC, REFWEB, TYPEPARAM, VALEUR, WEBSERVICEMETHOD, OPERATEURS) 
	VALUES (29, 'DHTRANSACT ', NULL, 'SETPOST', '2', NULL, 'String', NULL, 'cancelTransfer', 0);
INSERT INTO WEBPROCCOR (ID, PARAPROC, PARAWEB, PROC, REFPROC, REFWEB, TYPEPARAM, VALEUR, WEBSERVICEMETHOD, OPERATEURS) 
	VALUES (30, 'MNT', NULL, 'SETPOST', '6', NULL, 'String', NULL, 'cancelTransfer', 0);
INSERT INTO WEBPROCCOR (ID, PARAPROC, PARAWEB, PROC, REFPROC, REFWEB, TYPEPARAM, VALEUR, WEBSERVICEMETHOD, OPERATEURS) 
	VALUES (31, 'FACTURIER', NULL, 'SETPOST', '1', NULL, 'String', 'ONE', 'transferStatusInquiry', 0);
INSERT INTO WEBPROCCOR (ID, PARAPROC, PARAWEB, PROC, REFPROC, REFWEB, TYPEPARAM, VALEUR, WEBSERVICEMETHOD, OPERATEURS) 
	VALUES (32, 'MNTCION', NULL, 'SETPOST', '7', NULL, 'String', '0', 'transferStatusInquiry', 0);
INSERT INTO WEBPROCCOR (ID, PARAPROC, PARAWEB, PROC, REFPROC, REFWEB, TYPEPARAM, VALEUR, WEBSERVICEMETHOD, OPERATEURS) 
	VALUES (33, 'MNTTIMB ', NULL, 'SETPOST', '8', NULL, 'String', '0', 'transferStatusInquiry', 0);
INSERT INTO WEBPROCCOR (ID, PARAPROC, PARAWEB, PROC, REFPROC, REFWEB, TYPEPARAM, VALEUR, WEBSERVICEMETHOD, OPERATEURS) 
	VALUES (34, 'REFANNUL ', 'externalRefNo', 'SETPOST', '9', NULL, 'String', NULL, 'transferStatusInquiry', 0);
INSERT INTO WEBPROCCOR (ID, PARAPROC, PARAWEB, PROC, REFPROC, REFWEB, TYPEPARAM, VALEUR, WEBSERVICEMETHOD, OPERATEURS) 
	VALUES (35, 'CODOPER', NULL, 'SETPOST', '3', NULL, 'String', 'TSI', 'transferStatusInquiry', 0);
INSERT INTO WEBPROCCOR (ID, PARAPROC, PARAWEB, PROC, REFPROC, REFWEB, TYPEPARAM, VALEUR, WEBSERVICEMETHOD, OPERATEURS) 
	VALUES (36, 'CPT', NULL, 'SETPOST', '5', NULL, 'String', NULL, 'transferStatusInquiry', 0);
INSERT INTO WEBPROCCOR (ID, PARAPROC, PARAWEB, PROC, REFPROC, REFWEB, TYPEPARAM, VALEUR, WEBSERVICEMETHOD, OPERATEURS) 
	VALUES (37, 'DHTRANSACT ', NULL, 'SETPOST', '2', NULL, 'String', NULL, 'transferStatusInquiry', 0);
INSERT INTO WEBPROCCOR (ID, PARAPROC, PARAWEB, PROC, REFPROC, REFWEB, TYPEPARAM, VALEUR, WEBSERVICEMETHOD, OPERATEURS) 
	VALUES (38, 'MNT', NULL, 'SETPOST', '6', NULL, 'String', NULL, 'transferStatusInquiry', 0);
INSERT INTO WEBPROCCOR (ID, PARAPROC, PARAWEB, PROC, REFPROC, REFWEB, TYPEPARAM, VALEUR, WEBSERVICEMETHOD, OPERATEURS) 
	VALUES (48, 'COMPTE', 'accountNo', 'GETAB', '1', '1', 'String', NULL, 'getAccountBalance', 1);
INSERT INTO WEBPROCCOR (ID, PARAPROC, PARAWEB, PROC, REFPROC, REFWEB, TYPEPARAM, VALEUR, WEBSERVICEMETHOD, OPERATEURS) 
	VALUES (49, 'COMPTE', 'accountNo', 'GETMS', '1', '1', 'String', NULL, 'getMiniStatement', 1);
INSERT INTO WEBPROCCOR (ID, PARAPROC, PARAWEB, PROC, REFPROC, REFWEB, TYPEPARAM, VALEUR, WEBSERVICEMETHOD, OPERATEURS) 
	VALUES (50, 'NB', NULL, 'GETMS', '2', NULL, 'String', '5', 'getMiniStatement', 1);
INSERT INTO WEBPROCCOR (ID, PARAPROC, PARAWEB, PROC, REFPROC, REFWEB, TYPEPARAM, VALEUR, WEBSERVICEMETHOD, OPERATEURS) 
	VALUES (51, 'CLIENT', 'racine', 'GETS', '1', '1', 'String', NULL, 'getSignaletique', 1);
INSERT INTO WEBPROCCOR (ID, PARAPROC, PARAWEB, PROC, REFPROC, REFWEB, TYPEPARAM, VALEUR, WEBSERVICEMETHOD, OPERATEURS) 
	VALUES (52, 'FACTURIER', NULL, 'SETPOST', '1', NULL, 'String', 'MOCI', 'accountToWalletTransfer', 1);
INSERT INTO WEBPROCCOR (ID, PARAPROC, PARAWEB, PROC, REFPROC, REFWEB, TYPEPARAM, VALEUR, WEBSERVICEMETHOD, OPERATEURS) 
	VALUES (53, 'MNTCION', 'charge', 'SETPOST', '7', NULL, 'String', NULL, 'accountToWalletTransfer', 1);
INSERT INTO WEBPROCCOR (ID, PARAPROC, PARAWEB, PROC, REFPROC, REFWEB, TYPEPARAM, VALEUR, WEBSERVICEMETHOD, OPERATEURS) 
	VALUES (54, 'MNTTIMB ', NULL, 'SETPOST', '8', NULL, 'String', '0', 'accountToWalletTransfer', 1);
INSERT INTO WEBPROCCOR (ID, PARAPROC, PARAWEB, PROC, REFPROC, REFWEB, TYPEPARAM, VALEUR, WEBSERVICEMETHOD, OPERATEURS) 
	VALUES (55, 'REFANNUL ', NULL, 'SETPOST', '9', NULL, 'String', NULL, 'accountToWalletTransfer', 1);
INSERT INTO WEBPROCCOR (ID, PARAPROC, PARAWEB, PROC, REFPROC, REFWEB, TYPEPARAM, VALEUR, WEBSERVICEMETHOD, OPERATEURS) 
	VALUES (56, 'CODOPER', NULL, 'SETPOST', '3', NULL, 'String', 'B2W', 'accountToWalletTransfer', 1);
INSERT INTO WEBPROCCOR (ID, PARAPROC, PARAWEB, PROC, REFPROC, REFWEB, TYPEPARAM, VALEUR, WEBSERVICEMETHOD, OPERATEURS) 
	VALUES (57, 'CPT', 'accountNo', 'SETPOST', '5', NULL, 'String', NULL, 'accountToWalletTransfer', 1);
INSERT INTO WEBPROCCOR (ID, PARAPROC, PARAWEB, PROC, REFPROC, REFWEB, TYPEPARAM, VALEUR, WEBSERVICEMETHOD, OPERATEURS) 
	VALUES (58, 'DHTRANSACT ', 'tranDate', 'SETPOST', '2', NULL, 'String', NULL, 'accountToWalletTransfer', 1);
INSERT INTO WEBPROCCOR (ID, PARAPROC, PARAWEB, PROC, REFPROC, REFWEB, TYPEPARAM, VALEUR, WEBSERVICEMETHOD, OPERATEURS) 
	VALUES (59, 'MNT', 'amount', 'SETPOST', '6', NULL, 'String', NULL, 'accountToWalletTransfer', 1);
INSERT INTO WEBPROCCOR (ID, PARAPROC, PARAWEB, PROC, REFPROC, REFWEB, TYPEPARAM, VALEUR, WEBSERVICEMETHOD, OPERATEURS) 
	VALUES (60, 'REFREL', 'externalRefNo', 'SETPOST', '4', NULL, 'String', NULL, 'accountToWalletTransfer', 1);
INSERT INTO WEBPROCCOR (ID, PARAPROC, PARAWEB, PROC, REFPROC, REFWEB, TYPEPARAM, VALEUR, WEBSERVICEMETHOD, OPERATEURS) 
	VALUES (61, 'FACTURIER', NULL, 'SETPOST', '1', NULL, 'String', 'MOCI', 'walletToAccountTransfer', 1);
INSERT INTO WEBPROCCOR (ID, PARAPROC, PARAWEB, PROC, REFPROC, REFWEB, TYPEPARAM, VALEUR, WEBSERVICEMETHOD, OPERATEURS) 
	VALUES (62, 'MNTCION', 'charge', 'SETPOST', '7', NULL, 'String', NULL, 'walletToAccountTransfer', 1);
INSERT INTO WEBPROCCOR (ID, PARAPROC, PARAWEB, PROC, REFPROC, REFWEB, TYPEPARAM, VALEUR, WEBSERVICEMETHOD, OPERATEURS) 
	VALUES (63, 'MNTTIMB ', NULL, 'SETPOST', '8', NULL, 'String', '0', 'walletToAccountTransfer', 1);
INSERT INTO WEBPROCCOR (ID, PARAPROC, PARAWEB, PROC, REFPROC, REFWEB, TYPEPARAM, VALEUR, WEBSERVICEMETHOD, OPERATEURS) 
	VALUES (64, 'REFANNUL ', NULL, 'SETPOST', '9', NULL, 'String', NULL, 'walletToAccountTransfer', 1);
INSERT INTO WEBPROCCOR (ID, PARAPROC, PARAWEB, PROC, REFPROC, REFWEB, TYPEPARAM, VALEUR, WEBSERVICEMETHOD, OPERATEURS) 
	VALUES (65, 'CODOPER', NULL, 'SETPOST', '3', NULL, 'String', 'W2B', 'walletToAccountTransfer', 1);
INSERT INTO WEBPROCCOR (ID, PARAPROC, PARAWEB, PROC, REFPROC, REFWEB, TYPEPARAM, VALEUR, WEBSERVICEMETHOD, OPERATEURS) 
	VALUES (66, 'CPT', 'accountNo', 'SETPOST', '5', NULL, 'String', NULL, 'walletToAccountTransfer', 1);
INSERT INTO WEBPROCCOR (ID, PARAPROC, PARAWEB, PROC, REFPROC, REFWEB, TYPEPARAM, VALEUR, WEBSERVICEMETHOD, OPERATEURS) 
	VALUES (67, 'DHTRANSACT ', 'tranDate', 'SETPOST', '2', NULL, 'String', NULL, 'walletToAccountTransfer', 1);
INSERT INTO WEBPROCCOR (ID, PARAPROC, PARAWEB, PROC, REFPROC, REFWEB, TYPEPARAM, VALEUR, WEBSERVICEMETHOD, OPERATEURS) 
	VALUES (68, 'MNT', 'amount', 'SETPOST', '6', NULL, 'String', NULL, 'walletToAccountTransfer', 1);
INSERT INTO WEBPROCCOR (ID, PARAPROC, PARAWEB, PROC, REFPROC, REFWEB, TYPEPARAM, VALEUR, WEBSERVICEMETHOD, OPERATEURS) 
	VALUES (69, 'REFREL', 'externalRefNo', 'SETPOST', '4', NULL, 'String', NULL, 'walletToAccountTransfer', 1);
INSERT INTO WEBPROCCOR (ID, PARAPROC, PARAWEB, PROC, REFPROC, REFWEB, TYPEPARAM, VALEUR, WEBSERVICEMETHOD, OPERATEURS) 
	VALUES (70, 'FACTURIER', NULL, 'SETPOST', '1', NULL, 'String', 'MOCI', 'cancelTransfer', 1);
INSERT INTO WEBPROCCOR (ID, PARAPROC, PARAWEB, PROC, REFPROC, REFWEB, TYPEPARAM, VALEUR, WEBSERVICEMETHOD, OPERATEURS) 
	VALUES (71, 'MNTCION', NULL, 'SETPOST', '7', NULL, 'String', '0', 'cancelTransfer', 1);
INSERT INTO WEBPROCCOR (ID, PARAPROC, PARAWEB, PROC, REFPROC, REFWEB, TYPEPARAM, VALEUR, WEBSERVICEMETHOD, OPERATEURS) 
	VALUES (72, 'MNTTIMB ', NULL, 'SETPOST', '8', NULL, 'String', '0', 'cancelTransfer', 1);
INSERT INTO WEBPROCCOR (ID, PARAPROC, PARAWEB, PROC, REFPROC, REFWEB, TYPEPARAM, VALEUR, WEBSERVICEMETHOD, OPERATEURS) 
	VALUES (73, 'REFANNUL ', 'externalRefNo', 'SETPOST', '9', NULL, 'String', NULL, 'cancelTransfer', 1);
INSERT INTO WEBPROCCOR (ID, PARAPROC, PARAWEB, PROC, REFPROC, REFWEB, TYPEPARAM, VALEUR, WEBSERVICEMETHOD, OPERATEURS) 
	VALUES (74, 'CODOPER', NULL, 'SETPOST', '3', NULL, 'String', 'CANCELTRAN', 'cancelTransfer', 1);
INSERT INTO WEBPROCCOR (ID, PARAPROC, PARAWEB, PROC, REFPROC, REFWEB, TYPEPARAM, VALEUR, WEBSERVICEMETHOD, OPERATEURS) 
	VALUES (75, 'CPT', NULL, 'SETPOST', '5', NULL, 'String', NULL, 'cancelTransfer', 1);
INSERT INTO WEBPROCCOR (ID, PARAPROC, PARAWEB, PROC, REFPROC, REFWEB, TYPEPARAM, VALEUR, WEBSERVICEMETHOD, OPERATEURS) 
	VALUES (76, 'DHTRANSACT ', NULL, 'SETPOST', '2', NULL, 'String', NULL, 'cancelTransfer', 1);
INSERT INTO WEBPROCCOR (ID, PARAPROC, PARAWEB, PROC, REFPROC, REFWEB, TYPEPARAM, VALEUR, WEBSERVICEMETHOD, OPERATEURS) 
	VALUES (77, 'MNT', NULL, 'SETPOST', '6', NULL, 'String', NULL, 'cancelTransfer', 1);
INSERT INTO WEBPROCCOR (ID, PARAPROC, PARAWEB, PROC, REFPROC, REFWEB, TYPEPARAM, VALEUR, WEBSERVICEMETHOD, OPERATEURS) 
	VALUES (78, 'FACTURIER', NULL, 'SETPOST', '1', NULL, 'String', 'MOCI', 'transferStatusInquiry', 1);
INSERT INTO WEBPROCCOR (ID, PARAPROC, PARAWEB, PROC, REFPROC, REFWEB, TYPEPARAM, VALEUR, WEBSERVICEMETHOD, OPERATEURS) 
	VALUES (79, 'MNTCION', NULL, 'SETPOST', '7', NULL, 'String', '0', 'transferStatusInquiry', 1);
INSERT INTO WEBPROCCOR (ID, PARAPROC, PARAWEB, PROC, REFPROC, REFWEB, TYPEPARAM, VALEUR, WEBSERVICEMETHOD, OPERATEURS) 
	VALUES (80, 'MNTTIMB ', NULL, 'SETPOST', '8', NULL, 'String', '0', 'transferStatusInquiry', 1);
INSERT INTO WEBPROCCOR (ID, PARAPROC, PARAWEB, PROC, REFPROC, REFWEB, TYPEPARAM, VALEUR, WEBSERVICEMETHOD, OPERATEURS) 
	VALUES (81, 'REFANNUL ', 'externalRefNo', 'SETPOST', '9', NULL, 'String', NULL, 'transferStatusInquiry', 1);
INSERT INTO WEBPROCCOR (ID, PARAPROC, PARAWEB, PROC, REFPROC, REFWEB, TYPEPARAM, VALEUR, WEBSERVICEMETHOD, OPERATEURS) 
	VALUES (82, 'CODOPER', NULL, 'SETPOST', '3', NULL, 'String', 'TSI', 'transferStatusInquiry', 1);
INSERT INTO WEBPROCCOR (ID, PARAPROC, PARAWEB, PROC, REFPROC, REFWEB, TYPEPARAM, VALEUR, WEBSERVICEMETHOD, OPERATEURS) 
	VALUES (83, 'CPT', NULL, 'SETPOST', '5', NULL, 'String', NULL, 'transferStatusInquiry', 1);
INSERT INTO WEBPROCCOR (ID, PARAPROC, PARAWEB, PROC, REFPROC, REFWEB, TYPEPARAM, VALEUR, WEBSERVICEMETHOD, OPERATEURS) 
	VALUES (84, 'DHTRANSACT ', NULL, 'SETPOST', '2', NULL, 'String', NULL, 'transferStatusInquiry', 1);
INSERT INTO WEBPROCCOR (ID, PARAPROC, PARAWEB, PROC, REFPROC, REFWEB, TYPEPARAM, VALEUR, WEBSERVICEMETHOD, OPERATEURS) 
	VALUES (85, 'MNT', NULL, 'SETPOST', '6', NULL, 'String', NULL, 'transferStatusInquiry', 1);
INSERT INTO WEBPROCCOR (ID, PARAPROC, PARAWEB, PROC, REFPROC, REFWEB, TYPEPARAM, VALEUR, WEBSERVICEMETHOD, OPERATEURS) 
	VALUES (86, 'FACTURIER', NULL, 'SETPOST', '1', NULL, 'String', 'MOCI', 'payForService', 1);
INSERT INTO WEBPROCCOR (ID, PARAPROC, PARAWEB, PROC, REFPROC, REFWEB, TYPEPARAM, VALEUR, WEBSERVICEMETHOD, OPERATEURS) 
	VALUES (87, 'MNTCION', 'montant', 'SETPOST', '7', NULL, 'String', NULL, 'payForService', 1);
INSERT INTO WEBPROCCOR (ID, PARAPROC, PARAWEB, PROC, REFPROC, REFWEB, TYPEPARAM, VALEUR, WEBSERVICEMETHOD, OPERATEURS) 
	VALUES (88, 'MNTTIMB', NULL, 'SETPOST', '8', NULL, 'String', '0', 'payForService', 1);
INSERT INTO WEBPROCCOR (ID, PARAPROC, PARAWEB, PROC, REFPROC, REFWEB, TYPEPARAM, VALEUR, WEBSERVICEMETHOD, OPERATEURS) 
	VALUES (89, 'REFANNUL ', NULL, 'SETPOST', '9', NULL, 'String', NULL, 'payForService', 1);
INSERT INTO WEBPROCCOR (ID, PARAPROC, PARAWEB, PROC, REFPROC, REFWEB, TYPEPARAM, VALEUR, WEBSERVICEMETHOD, OPERATEURS) 
	VALUES (90, 'CODOPER', NULL, 'SETPOST', '3', NULL, 'String', 'B2W', 'payForService', 1);
INSERT INTO WEBPROCCOR (ID, PARAPROC, PARAWEB, PROC, REFPROC, REFWEB, TYPEPARAM, VALEUR, WEBSERVICEMETHOD, OPERATEURS) 
	VALUES (91, 'CPT', 'compte', 'SETPOST', '5', NULL, 'String', NULL, 'payForService', 1);
INSERT INTO WEBPROCCOR (ID, PARAPROC, PARAWEB, PROC, REFPROC, REFWEB, TYPEPARAM, VALEUR, WEBSERVICEMETHOD, OPERATEURS) 
	VALUES (92, 'DHTRANSACT', 'datePaiment', 'SETPOST', '2', NULL, 'String', NULL, 'payForService', 1);
INSERT INTO WEBPROCCOR (ID, PARAPROC, PARAWEB, PROC, REFPROC, REFWEB, TYPEPARAM, VALEUR, WEBSERVICEMETHOD, OPERATEURS) 
	VALUES (93, 'MNT', 'montant', 'SETPOST', '6', NULL, 'String', NULL, 'payForService', 1);
INSERT INTO WEBPROCCOR (ID, PARAPROC, PARAWEB, PROC, REFPROC, REFWEB, TYPEPARAM, VALEUR, WEBSERVICEMETHOD, OPERATEURS) 
	VALUES (94, 'REFREL', 'alias', 'SETPOST', '4', NULL, 'String', NULL, 'payForService', 1);
INSERT INTO WEBPROCCOR (ID, PARAPROC, PARAWEB, PROC, REFPROC, REFWEB, TYPEPARAM, VALEUR, WEBSERVICEMETHOD, OPERATEURS) 
	VALUES (95, 'COMPTE', 'accountNo', 'GETAB', '1', '1', 'String', NULL, 'getAccountBalance', 2);
INSERT INTO WEBPROCCOR (ID, PARAPROC, PARAWEB, PROC, REFPROC, REFWEB, TYPEPARAM, VALEUR, WEBSERVICEMETHOD, OPERATEURS) 
	VALUES (96, 'COMPTE', 'accountNo', 'GETMS', '1', '1', 'String', NULL, 'getMiniStatement', 2);
INSERT INTO WEBPROCCOR (ID, PARAPROC, PARAWEB, PROC, REFPROC, REFWEB, TYPEPARAM, VALEUR, WEBSERVICEMETHOD, OPERATEURS) 
	VALUES (97, 'NB', NULL, 'GETMS', '2', NULL, 'String', '5', 'getMiniStatement', 2);
INSERT INTO WEBPROCCOR (ID, PARAPROC, PARAWEB, PROC, REFPROC, REFWEB, TYPEPARAM, VALEUR, WEBSERVICEMETHOD, OPERATEURS) 
	VALUES (98, 'CLIENT', 'racine', 'GETS', '1', '1', 'String', NULL, 'getSignaletique', 2);
INSERT INTO WEBPROCCOR (ID, PARAPROC, PARAWEB, PROC, REFPROC, REFWEB, TYPEPARAM, VALEUR, WEBSERVICEMETHOD, OPERATEURS) 
	VALUES (99, 'FACTURIER', NULL, 'SETPOST', '1', NULL, 'String', 'MTCI', 'accountToWalletTransfer', 2);
INSERT INTO WEBPROCCOR (ID, PARAPROC, PARAWEB, PROC, REFPROC, REFWEB, TYPEPARAM, VALEUR, WEBSERVICEMETHOD, OPERATEURS) 
	VALUES (100, 'MNTCION', 'charge', 'SETPOST', '7', NULL, 'String', NULL, 'accountToWalletTransfer', 2);
INSERT INTO WEBPROCCOR (ID, PARAPROC, PARAWEB, PROC, REFPROC, REFWEB, TYPEPARAM, VALEUR, WEBSERVICEMETHOD, OPERATEURS) 
	VALUES (101, 'MNTTIMB ', NULL, 'SETPOST', '8', NULL, 'String', '0', 'accountToWalletTransfer', 2);
INSERT INTO WEBPROCCOR (ID, PARAPROC, PARAWEB, PROC, REFPROC, REFWEB, TYPEPARAM, VALEUR, WEBSERVICEMETHOD, OPERATEURS) 
	VALUES (102, 'REFANNUL ', NULL, 'SETPOST', '9', NULL, 'String', NULL, 'accountToWalletTransfer', 2);
INSERT INTO WEBPROCCOR (ID, PARAPROC, PARAWEB, PROC, REFPROC, REFWEB, TYPEPARAM, VALEUR, WEBSERVICEMETHOD, OPERATEURS) 
	VALUES (103, 'CODOPER', NULL, 'SETPOST', '3', NULL, 'String', 'B2W', 'accountToWalletTransfer', 2);
INSERT INTO WEBPROCCOR (ID, PARAPROC, PARAWEB, PROC, REFPROC, REFWEB, TYPEPARAM, VALEUR, WEBSERVICEMETHOD, OPERATEURS) 
	VALUES (104, 'CPT', 'accountNo', 'SETPOST', '5', NULL, 'String', NULL, 'accountToWalletTransfer', 2);
INSERT INTO WEBPROCCOR (ID, PARAPROC, PARAWEB, PROC, REFPROC, REFWEB, TYPEPARAM, VALEUR, WEBSERVICEMETHOD, OPERATEURS) 
	VALUES (105, 'DHTRANSACT ', 'tranDate', 'SETPOST', '2', NULL, 'String', NULL, 'accountToWalletTransfer', 2);
INSERT INTO WEBPROCCOR (ID, PARAPROC, PARAWEB, PROC, REFPROC, REFWEB, TYPEPARAM, VALEUR, WEBSERVICEMETHOD, OPERATEURS) 
	VALUES (106, 'MNT', 'amount', 'SETPOST', '6', NULL, 'String', NULL, 'accountToWalletTransfer', 2);
INSERT INTO WEBPROCCOR (ID, PARAPROC, PARAWEB, PROC, REFPROC, REFWEB, TYPEPARAM, VALEUR, WEBSERVICEMETHOD, OPERATEURS) 
	VALUES (107, 'REFREL', 'externalRefNo', 'SETPOST', '4', NULL, 'String', NULL, 'accountToWalletTransfer', 2);
INSERT INTO WEBPROCCOR (ID, PARAPROC, PARAWEB, PROC, REFPROC, REFWEB, TYPEPARAM, VALEUR, WEBSERVICEMETHOD, OPERATEURS) 
	VALUES (108, 'FACTURIER', NULL, 'SETPOST', '1', NULL, 'String', 'MTCI', 'walletToAccountTransfer', 2);
INSERT INTO WEBPROCCOR (ID, PARAPROC, PARAWEB, PROC, REFPROC, REFWEB, TYPEPARAM, VALEUR, WEBSERVICEMETHOD, OPERATEURS) 
	VALUES (109, 'MNTCION', 'charge', 'SETPOST', '7', NULL, 'String', NULL, 'walletToAccountTransfer', 2);


INSERT INTO COMMISSIONS (ID_PALIER, MINIMUM, MAXIMUM, TARIF, TAUX, SENS,OPERATEURS,PROFILS) 
	VALUES (1, 0, 1000000, 270, 0, 'W2B',0,1);
INSERT INTO COMMISSIONS (ID_PALIER, MINIMUM, MAXIMUM, TARIF, TAUX, SENS,OPERATEURS,PROFILS) 
	VALUES (2, 0, 10000000, 100, 0, 'B2W',0,1);

CREATE TABLE REPERTOIRES (ID VARCHAR2(30), CHEMIN VARCHAR2(200), TACHE VARCHAR2(100), PARTENAIRE VARCHAR2(50), EXTENSION VARCHAR2(30), IDREPERTOIRE NUMBER);


INSERT INTO REPERTOIRES (ID, CHEMIN, TACHE, PARTENAIRE, EXTENSION, IDREPERTOIRE) 
	VALUES ('DIFF', 'C:\EOD', 'b2wReaderTask.EODReader', NULL, 'xml', NULL);
INSERT INTO REPERTOIRES (ID, CHEMIN, TACHE, PARTENAIRE, EXTENSION, IDREPERTOIRE) 
	VALUES ('DIFF2', 'C:\EOD', 'org.patware.action.file.FileMover', 'C:\EOD\COMPLETED', 'xml#EODReader#TERMINE', NULL);

